{
  "COMPRESSION_TYPE": "INTEGER COSINE TRANSFORM",
  "DATA_SET_ID": "JUNO-J-JUNOCAM-2-EDR-L0-V1.0",
  "DESCRIPTION": "",
  "EXPOSURE_DURATION": "3.200000 <ms>",
  "FILE_NAME": "JNCE_2020154_27C00047_V01-raw.png",
  "FILE_RECORDS": 9984,
  "FILTER_NAME": [
    "BLUE",
    "GREEN",
    "RED"
  ],
  "FOCAL_PLANE_TEMPERATURE": "273.0 <K>",
  "IMAGE_TIME": "2020-06-02T11:07:00.793",
  "INSTRUMENT_HOST_NAME": "JUNO",
  "INSTRUMENT_ID": "JNC",
  "INSTRUMENT_NAME": "JUNO EPO CAMERA",
  "INTERFRAME_DELAY": "0.371 <s>",
  "JNO:TDI_STAGES_COUNT": 1,
  "LINES": 9984,
  "LINE_PREFIX_BYTES": 0,
  "LINE_SAMPLES": 1648,
  "LINE_SUFFIX_BYTES": 0,
  "MISSION_PHASE_NAME": "PERIJOVE 27",
  "ORBIT_NUMBER": 27,
  "PJ": "27",
  "PROCESSING_LEVEL_ID": 2,
  "PRODUCER_ID": "JUNO_JUNOCAM_TEAM",
  "PRODUCT_CREATION_TIME": "2020-06-09T18:10:03",
  "PRODUCT_ID": "JNCE_2020154_27C00047_V01",
  "PRODUCT_VERSION_ID": 1,
  "RATIONALE_DESC": "Jupiter imaging",
  "RECORD_BYTES": 1648,
  "SAMPLE_BITS": 8,
  "SAMPLE_BIT_MASK": "2#11111111#",
  "SAMPLE_BIT_MODE_ID": "SQROOT",
  "SAMPLE_TYPE": "UNSIGNED_INTEGER",
  "SAMPLING_FACTOR": 1,
  "SEQUENCE_ID": "jm27",
  "SOFTWARE_NAME": "JUNOMAKEPDS.PY 0.8",
  "SOLAR_DISTANCE": "7.7361e+08 <km>",
  "SOURCE_PRODUCT_ID": "3D-09001B002F-2020-160T16.56.51",
  "SPACECRAFT_ALTITUDE": "63052.1 <km>",
  "SPACECRAFT_CLOCK_START_COUNT": "644368345:244",
  "SPACECRAFT_CLOCK_STOP_COUNT": "N/A",
  "SPACECRAFT_NAME": "JUNO",
  "STANDARD_DATA_PRODUCT_ID": "JUNOCAM-EDR",
  "START_TIME": "2020-06-02T11:07:00.793",
  "STOP_TIME": "2020-06-02T11:07:10.439",
  "SUB_SPACECRAFT_LATITUDE": "-56.7997",
  "SUB_SPACECRAFT_LONGITUDE": "40.6609",
  "TARGET_NAME": "JUPITER",
  "TITLE": "PJ27 Jet S5",
  "TOKEN_ID": []
}
